{
	"credit": "Elements Battle Item Designed by BlackNight_AY",
	"textures": {
		"0": "item/cooldown_potion",
		"particle": "item/cooldown_potion"
	},
	"elements": [
		{
			"from": [6, 3, 6],
			"to": [10, 4, 10],
			"rotation": {"angle": 0, "axis": "z", "origin": [9, 4, 9]},
			"faces": {
				"north": {"uv": [0, 10, 4, 11], "texture": "#0"},
				"east": {"uv": [0, 10, 4, 11], "texture": "#0"},
				"south": {"uv": [0, 10, 4, 11], "texture": "#0"},
				"west": {"uv": [0, 10, 4, 11], "texture": "#0"},
				"up": {"uv": [0, 11, 4, 15], "texture": "#0"},
				"down": {"uv": [0, 11, 4, 15], "texture": "#0"}
			}
		},
		{
			"from": [5, 4, 5],
			"to": [11, 8, 11],
			"rotation": {"angle": 0, "axis": "z", "origin": [9, 5, 5]},
			"faces": {
				"north": {"uv": [0, 0, 6, 4], "texture": "#0"},
				"east": {"uv": [0, 0, 6, 4], "texture": "#0"},
				"south": {"uv": [0, 0, 6, 4], "texture": "#0"},
				"west": {"uv": [0, 0, 6, 4], "texture": "#0"},
				"up": {"uv": [6, 4, 12, 10], "texture": "#0"},
				"down": {"uv": [0, 4, 6, 10], "texture": "#0"}
			}
		},
		{
			"from": [6, 8, 6],
			"to": [10, 9, 10],
			"rotation": {"angle": 0, "axis": "z", "origin": [9, 9, 5]},
			"faces": {
				"north": {"uv": [0, 0, 4, 1], "texture": "#0"},
				"east": {"uv": [0, 0, 4, 1], "texture": "#0"},
				"south": {"uv": [0, 0, 4, 1], "texture": "#0"},
				"west": {"uv": [0, 0, 4, 1], "texture": "#0"},
				"up": {"uv": [6, 4, 10, 8], "texture": "#0"},
				"down": {"uv": [0, 4, 4, 8], "texture": "#0"}
			}
		},
		{
			"from": [7, 9, 7],
			"to": [9, 11, 9],
			"rotation": {"angle": 0, "axis": "z", "origin": [9, 10, 5]},
			"faces": {
				"north": {"uv": [0, 10, 2, 12], "texture": "#0"},
				"east": {"uv": [0, 10, 2, 12], "texture": "#0"},
				"south": {"uv": [0, 10, 2, 12], "texture": "#0"},
				"west": {"uv": [0, 10, 2, 12], "texture": "#0"},
				"up": {"uv": [1, 12, 3, 14], "texture": "#0"},
				"down": {"uv": [1, 12, 3, 14], "texture": "#0"}
			}
		},
		{
			"from": [6, 11, 6],
			"to": [10, 12, 10],
			"rotation": {"angle": 0, "axis": "z", "origin": [9, 12, 5]},
			"faces": {
				"north": {"uv": [4, 10, 8, 11], "texture": "#0"},
				"east": {"uv": [4, 10, 8, 11], "texture": "#0"},
				"south": {"uv": [4, 10, 8, 11], "texture": "#0"},
				"west": {"uv": [4, 10, 8, 11], "texture": "#0"},
				"up": {"uv": [4, 11, 8, 15], "texture": "#0"},
				"down": {"uv": [4, 11, 8, 15], "texture": "#0"}
			}
		},
		{
			"from": [7, 12, 7],
			"to": [9, 13, 9],
			"rotation": {"angle": 0, "axis": "z", "origin": [9, 13, 5]},
			"faces": {
				"north": {"uv": [0, 11, 2, 12], "texture": "#0"},
				"east": {"uv": [0, 11, 2, 12], "texture": "#0"},
				"south": {"uv": [0, 11, 2, 12], "texture": "#0"},
				"west": {"uv": [0, 11, 2, 12], "texture": "#0"},
				"up": {"uv": [0, 11, 1, 12], "texture": "#0"},
				"down": {"uv": [1, 12, 3, 14], "texture": "#0"}
			}
		}
	],
	"gui_light": "front",
	"display": {
		"thirdperson_righthand": {
			"translation": [0, -3, 0]
		},
		"ground": {
			"rotation": [28, 0, 0],
			"translation": [0, 4, 0],
			"scale": [1.8, 1.8, 1.8]
		},
		"gui": {
			"rotation": [0, 21, -19.75],
			"scale": [1.8, 1.8, 1.8]
		}
	}
}