{
    "parent": "item/generated",
    "textures": {
        "layer0": "item/potion_overlay",
        "layer1": "item/potion"
    },
	"overrides": [
			{ "predicate": { "custom_model_data": 1}, "model": "item/potion/mana_potion"},
			{ "predicate": { "custom_model_data": 2}, "model": "item/potion/speed_potion"},
			{ "predicate": { "custom_model_data": 3}, "model": "item/potion/health_potion"},
			{ "predicate": { "custom_model_data": 4}, "model": "item/potion/absorption_potion"},
			{ "predicate": { "custom_model_data": 5}, "model": "item/potion/cooldown_potion"},
			{ "predicate": { "custom_model_data": 6}, "model": "item/potion/boost_potion"}
	]
}
