{
	"item.armor.equip_generic": {
		"replace": "true",
		"sounds": [
			{
				"name": ""
			}
		]
	},
    "spell01": {
        "sounds": [
            {
                "name": "spell01"
            }
        ]
    },
    "spell02": {
        "sounds": [
            {
                "name": "spell02"
            }
        ]
    },
    "spell03": {
        "sounds": [
            {
                "name": "spell03"
            }
        ]
    },
    "spell04": {
        "sounds": [
            {
                "name": "spell04"
            }
        ]
    },
    "spell05": {
        "sounds": [
            {
                "name": "spell05"
            }
        ]
    },
    "spell06": {
        "sounds": [
            {
                "name": "spell06"
            }
        ]
    },
    "spell07": {
        "sounds": [
            {
                "name": "spell07"
            }
        ]
    },
    "spell08": {
        "sounds": [
            {
                "name": "spell08"
            }
        ]
    },
    "spell09": {
        "sounds": [
            {
                "name": "spell09"
            }
        ]
    },
	"spell10": {
        "sounds": [
            {
                "name": "spell10"
            }
        ]
    },
	"spell11": {
        "sounds": [
            {
                "name": "spell11"
            }
        ]
    }
}