{
	"__comment": "Elements Battle Item Designed by BlackNight_AY",
	"textures": {
		"particle": "item/particle",
		"texture": "item/air/airwand",
		"core":"item/air/airwand_core"
	},
	"elements": [
		{
			"name": "Box8",
			"from": [7.25, 12.5, 8.75],
			"to": [8.75, 12.75, 9.25],
			"faces": {
				"north": {"uv": [7, 3, 9, 4], "texture": "#texture"},
				"east": {"uv": [7, 3, 9, 4], "texture": "#texture"},
				"south": {"uv": [7, 3, 9, 4], "texture": "#texture"},
				"west": {"uv": [7, 3, 9, 4], "texture": "#texture"},
				"up": {"uv": [7, 3, 9, 4], "texture": "#texture"},
				"down": {"uv": [7, 3, 9, 4], "texture": "#texture"}
			}
		},
		{
			"name": "Box20",
			"from": [7.25, 11.75, 9],
			"to": [8.75, 12.25, 9.5],
			"faces": {
				"east": {"uv": [7, 7, 9, 8], "texture": "#texture"},
				"south": {"uv": [7, 7, 9, 8], "texture": "#texture"},
				"west": {"uv": [7, 7, 9, 8], "texture": "#texture"},
				"up": {"uv": [7, 7, 9, 8], "texture": "#texture"},
				"down": {"uv": [7, 7, 9, 8], "texture": "#texture"}
			}
		},
		{
			"name": "Box22",
			"from": [7.25, -6.5, 7.25],
			"to": [8.75, -6, 8.75],
			"faces": {
				"north": {"uv": [14.5, 9, 16, 10], "texture": "#texture", "cullface": "down"},
				"east": {"uv": [14.5, 9, 16, 10], "texture": "#texture", "cullface": "down"},
				"south": {"uv": [14.5, 9, 16, 10], "texture": "#texture", "cullface": "down"},
				"west": {"uv": [14.5, 9, 16, 10], "texture": "#texture", "cullface": "down"},
				"up": {"uv": [15, 8, 16, 9], "texture": "#texture", "cullface": "down"},
				"down": {"uv": [15, 10, 16, 11], "texture": "#texture", "cullface": "down"}
			}
		},
		{
			"name": "Box20",
			"from": [6.75, 12, 6.75],
			"to": [9.25, 12.5, 9.25],
			"faces": {
				"north": {"uv": [6.5, 7, 10, 8], "texture": "#texture"},
				"east": {"uv": [6.5, 7, 10, 8], "texture": "#texture"},
				"south": {"uv": [6.5, 7, 10, 8], "texture": "#texture"},
				"west": {"uv": [6.5, 7, 10, 8], "texture": "#texture"},
				"up": {"uv": [7, 7, 8, 8], "texture": "#texture"},
				"down": {"uv": [7, 7, 8, 8], "texture": "#texture"}
			}
		},
		{
			"name": "Box20",
			"from": [9, 11.75, 7.25],
			"to": [9.5, 12.25, 8.75],
			"faces": {
				"north": {"uv": [7, 7, 9, 8], "texture": "#texture"},
				"east": {"uv": [7, 7, 9, 8], "texture": "#texture"},
				"south": {"uv": [7, 7, 9, 8], "texture": "#texture"},
				"up": {"uv": [7, 7, 9, 8], "texture": "#texture"},
				"down": {"uv": [7, 7, 9, 8], "texture": "#texture"}
			}
		},
		{
			"name": "Box20",
			"from": [7.25, 11.75, 6.5],
			"to": [8.75, 12.25, 7],
			"faces": {
				"north": {"uv": [7, 7, 9, 8], "texture": "#texture"},
				"east": {"uv": [7, 7, 9, 8], "texture": "#texture"},
				"west": {"uv": [7, 7, 9, 8], "texture": "#texture"},
				"up": {"uv": [7, 7, 9, 8], "texture": "#texture"},
				"down": {"uv": [7, 7, 9, 8], "texture": "#texture"}
			}
		},
		{
			"name": "Box20",
			"from": [6.5, 11.75, 7.25],
			"to": [7, 12.25, 8.75],
			"faces": {
				"north": {"uv": [7, 7, 9, 8], "texture": "#texture"},
				"south": {"uv": [7, 7, 9, 8], "texture": "#texture"},
				"west": {"uv": [7, 7, 9, 8], "texture": "#texture"},
				"up": {"uv": [7, 7, 9, 8], "texture": "#texture"},
				"down": {"uv": [7, 7, 9, 8], "texture": "#texture"}
			}
		},
		{
			"name": "Box8",
			"from": [8.75, 12.5, 7.25],
			"to": [9.25, 12.75, 8.75],
			"faces": {
				"north": {"uv": [7, 3, 9, 4], "texture": "#texture"},
				"east": {"uv": [7, 3, 9, 4], "texture": "#texture"},
				"south": {"uv": [7, 3, 9, 4], "texture": "#texture"},
				"west": {"uv": [7, 3, 9, 4], "texture": "#texture"},
				"up": {"uv": [7, 3, 9, 4], "texture": "#texture"},
				"down": {"uv": [7, 3, 9, 4], "texture": "#texture"}
			}
		},
		{
			"name": "Box8",
			"from": [7.25, 12.5, 6.75],
			"to": [8.75, 12.75, 7.25],
			"faces": {
				"north": {"uv": [7, 3, 9, 4], "texture": "#texture"},
				"east": {"uv": [7, 3, 9, 4], "texture": "#texture"},
				"south": {"uv": [7, 3, 9, 4], "texture": "#texture"},
				"west": {"uv": [7, 3, 9, 4], "texture": "#texture"},
				"up": {"uv": [7, 3, 9, 4], "texture": "#texture"},
				"down": {"uv": [7, 3, 9, 4], "texture": "#texture"}
			}
		},
		{
			"name": "Box8",
			"from": [6.75, 12.5, 7.25],
			"to": [7.25, 12.75, 8.75],
			"faces": {
				"north": {"uv": [7, 3, 9, 4], "texture": "#texture"},
				"east": {"uv": [7, 3, 9, 4], "texture": "#texture"},
				"south": {"uv": [7, 3, 9, 4], "texture": "#texture"},
				"west": {"uv": [7, 3, 9, 4], "texture": "#texture"},
				"up": {"uv": [7, 3, 9, 4], "texture": "#texture"},
				"down": {"uv": [7, 3, 9, 4], "texture": "#texture"}
			}
		},
		{
			"name": "Box9",
			"from": [7.5, -6.75, 7.5],
			"to": [8.5, 14.25, 8.5],
			"faces": {
				"north": {"uv": [7.5, 5, 8.5, 16], "texture": "#texture", "cullface": "down"},
				"east": {"uv": [7.5, 5, 8.5, 16], "texture": "#texture", "cullface": "down"},
				"south": {"uv": [7.5, 5, 8.5, 16], "texture": "#texture", "cullface": "down"},
				"west": {"uv": [7.5, 5, 8.5, 16], "texture": "#texture", "cullface": "down"},
				"up": {"uv": [8, 10, 9, 11], "texture": "#texture", "cullface": "down"},
				"down": {"uv": [8.5, 13, 9.5, 14], "texture": "#texture", "cullface": "down"}
			}
		},
		{
			"name": "Box22",
			"from": [7.25, 11, 7.25],
			"to": [8.75, 12, 8.75],
			"faces": {
				"north": {"uv": [7.5, 11, 8.5, 12.5], "texture": "#texture"},
				"east": {"uv": [7.5, 11, 8.5, 12.5], "texture": "#texture"},
				"south": {"uv": [7.5, 11, 8.5, 12.5], "texture": "#texture"},
				"west": {"uv": [7.5, 11, 8.5, 12.5], "texture": "#texture"},
				"up": {"uv": [7.5, 10, 8.5, 11], "texture": "#texture"},
				"down": {"uv": [7.5, 10, 8.5, 11], "texture": "#texture"}
			}
		},
		{
			"name": "Box22",
			"from": [8.75, 11.25, 7.5],
			"to": [9, 12, 8.5],
			"faces": {
				"north": {"uv": [8, 10.5, 9, 12.5], "texture": "#texture"},
				"east": {"uv": [8, 10.5, 9, 12.5], "texture": "#texture"},
				"south": {"uv": [8, 10.5, 9, 12.5], "texture": "#texture"},
				"west": {"uv": [8, 10.5, 9, 12.5], "texture": "#texture"},
				"up": {"uv": [7.5, 10, 8.5, 11], "texture": "#texture"},
				"down": {"uv": [7.5, 13, 9, 14], "texture": "#texture"}
			}
		},
		{
			"name": "Box22",
			"from": [7.5, 11.25, 8.75],
			"to": [8.5, 12, 9],
			"faces": {
				"north": {"uv": [8, 10.5, 9, 12.5], "texture": "#texture"},
				"east": {"uv": [8, 10.5, 9, 12.5], "texture": "#texture"},
				"south": {"uv": [8, 10.5, 9, 12.5], "texture": "#texture"},
				"west": {"uv": [8, 10.5, 9, 12.5], "texture": "#texture"},
				"up": {"uv": [7.5, 10, 8.5, 11], "texture": "#texture"},
				"down": {"uv": [7.5, 13, 9, 14], "texture": "#texture"}
			}
		},
		{
			"name": "Box22",
			"from": [7, 11.25, 7.5],
			"to": [7.25, 12, 8.5],
			"faces": {
				"north": {"uv": [8, 10.5, 9, 12.5], "texture": "#texture"},
				"east": {"uv": [8, 10.5, 9, 12.5], "texture": "#texture"},
				"south": {"uv": [8, 10.5, 9, 12.5], "texture": "#texture"},
				"west": {"uv": [8, 10.5, 9, 12.5], "texture": "#texture"},
				"up": {"uv": [7.5, 10, 8.5, 11], "texture": "#texture"},
				"down": {"uv": [7.5, 13, 9, 14], "texture": "#texture"}
			}
		},
		{
			"name": "Box22",
			"from": [7.25, 10, 7.5],
			"to": [7.5, 10.5, 8],
			"faces": {
				"north": {"uv": [7.5, 13, 8.5, 14], "texture": "#texture"},
				"east": {"uv": [7.5, 13, 8.5, 14], "texture": "#texture"},
				"south": {"uv": [7.5, 13, 8.5, 14], "texture": "#texture"},
				"west": {"uv": [7.5, 13, 8.5, 14], "texture": "#texture"},
				"up": {"uv": [7.5, 13, 8.5, 14], "texture": "#texture"},
				"down": {"uv": [7.5, 13, 8.5, 14], "texture": "#texture"}
			}
		},
		{
			"name": "Box22",
			"from": [7.5, 11.25, 7],
			"to": [8.5, 12, 7.25],
			"faces": {
				"north": {"uv": [8, 10.5, 9, 12.5], "texture": "#texture"},
				"east": {"uv": [8, 10.5, 9, 12.5], "texture": "#texture"},
				"south": {"uv": [8, 10.5, 9, 12.5], "texture": "#texture"},
				"west": {"uv": [8, 10.5, 9, 12.5], "texture": "#texture"},
				"up": {"uv": [7.5, 10, 8.5, 11], "texture": "#texture"},
				"down": {"uv": [7.5, 13, 9, 14], "texture": "#texture"}
			}
		},
		{
			"name": "Box22",
			"from": [7.75, 9.75, 8.5],
			"to": [8, 10, 8.75],
			"faces": {
				"north": {"uv": [7.5, 13, 8.5, 14], "texture": "#texture"},
				"east": {"uv": [7.5, 13, 8.5, 14], "texture": "#texture"},
				"south": {"uv": [7.5, 13, 8.5, 14], "texture": "#texture"},
				"west": {"uv": [7.5, 13, 8.5, 14], "texture": "#texture"},
				"up": {"uv": [7.5, 13, 8.5, 14], "texture": "#texture"},
				"down": {"uv": [7.5, 13, 8.5, 14], "texture": "#texture"}
			}
		},
		{
			"name": "Box22",
			"from": [8.5, 9.5, 8],
			"to": [8.75, 9.75, 8.25],
			"faces": {
				"north": {"uv": [7.5, 13, 8.5, 14], "texture": "#texture"},
				"east": {"uv": [7.5, 13, 8.5, 14], "texture": "#texture"},
				"south": {"uv": [7.5, 13, 8.5, 14], "texture": "#texture"},
				"west": {"uv": [7.5, 13, 8.5, 14], "texture": "#texture"},
				"up": {"uv": [7.5, 13, 8.5, 14], "texture": "#texture"},
				"down": {"uv": [7.5, 13, 8.5, 14], "texture": "#texture"}
			}
		},
		{
			"name": "Box22",
			"from": [8, 10.5, 7.25],
			"to": [8.5, 11, 7.5],
			"faces": {
				"north": {"uv": [7.5, 12.5, 8.5, 13.5], "texture": "#texture"},
				"east": {"uv": [7.5, 12.5, 8.5, 13.5], "texture": "#texture"},
				"south": {"uv": [7.5, 12.5, 8.5, 13.5], "texture": "#texture"},
				"west": {"uv": [7.5, 12.5, 8.5, 13.5], "texture": "#texture"},
				"up": {"uv": [7.5, 12.5, 8.5, 13.5], "texture": "#texture"},
				"down": {"uv": [7.5, 12.5, 8.5, 13.5], "texture": "#texture"}
			}
		},
		{
			"name": "Box22",
			"from": [7.25, 10.5, 7.75],
			"to": [7.5, 11, 8.25],
			"faces": {
				"north": {"uv": [7.5, 12.5, 8.5, 13.5], "texture": "#texture"},
				"east": {"uv": [7.5, 12.5, 8.5, 13.5], "texture": "#texture"},
				"south": {"uv": [7.5, 12.5, 8.5, 13.5], "texture": "#texture"},
				"west": {"uv": [7.5, 12.5, 8.5, 13.5], "texture": "#texture"},
				"up": {"uv": [7.5, 12.5, 8.5, 13.5], "texture": "#texture"},
				"down": {"uv": [7.5, 12.5, 8.5, 13.5], "texture": "#texture"}
			}
		},
		{
			"name": "Box22",
			"from": [8.5, 10, 7.75],
			"to": [8.75, 10.5, 8.25],
			"faces": {
				"north": {"uv": [7.5, 13, 8.5, 14], "texture": "#texture"},
				"east": {"uv": [7.5, 13, 8.5, 14], "texture": "#texture"},
				"south": {"uv": [7.5, 13, 8.5, 14], "texture": "#texture"},
				"west": {"uv": [7.5, 13, 8.5, 14], "texture": "#texture"},
				"up": {"uv": [7.5, 13, 8.5, 14], "texture": "#texture"},
				"down": {"uv": [7.5, 13, 8.5, 14], "texture": "#texture"}
			}
		},
		{
			"name": "Box22",
			"from": [8.5, 10.5, 8],
			"to": [8.75, 11, 8.5],
			"faces": {
				"north": {"uv": [7.5, 12.5, 8.5, 13.5], "texture": "#texture"},
				"east": {"uv": [7.5, 12.5, 8.5, 13.5], "texture": "#texture"},
				"south": {"uv": [7.5, 12.5, 8.5, 13.5], "texture": "#texture"},
				"west": {"uv": [7.5, 12.5, 8.5, 13.5], "texture": "#texture"},
				"up": {"uv": [7.5, 12.5, 8.5, 13.5], "texture": "#texture"},
				"down": {"uv": [7.5, 12.5, 8.5, 13.5], "texture": "#texture"}
			}
		},
		{
			"name": "Box22",
			"from": [7.75, 10, 7.25],
			"to": [8, 10.25, 7.5],
			"faces": {
				"north": {"uv": [7.5, 13, 8.5, 14], "texture": "#texture"},
				"east": {"uv": [7.5, 13, 8.5, 14], "texture": "#texture"},
				"south": {"uv": [7.5, 13, 8.5, 14], "texture": "#texture"},
				"west": {"uv": [7.5, 13, 8.5, 14], "texture": "#texture"},
				"up": {"uv": [7.5, 13, 8.5, 14], "texture": "#texture"},
				"down": {"uv": [7.5, 13, 8.5, 14], "texture": "#texture"}
			}
		},
		{
			"name": "Box22",
			"from": [8, 10.25, 8.5],
			"to": [8.25, 10.5, 8.75],
			"faces": {
				"north": {"uv": [7.5, 13, 8.5, 14], "texture": "#texture"},
				"east": {"uv": [7.5, 13, 8.5, 14], "texture": "#texture"},
				"south": {"uv": [7.5, 13, 8.5, 14], "texture": "#texture"},
				"west": {"uv": [7.5, 13, 8.5, 14], "texture": "#texture"},
				"up": {"uv": [7.5, 13, 8.5, 14], "texture": "#texture"},
				"down": {"uv": [7.5, 13, 8.5, 14], "texture": "#texture"}
			}
		},
		{
			"name": "Box22",
			"from": [7.5, 10.5, 8.5],
			"to": [8, 11, 8.75],
			"faces": {
				"north": {"uv": [7.5, 12.5, 8.5, 13.5], "texture": "#texture"},
				"east": {"uv": [7.5, 12.5, 8.5, 13.5], "texture": "#texture"},
				"south": {"uv": [7.5, 12.5, 8.5, 13.5], "texture": "#texture"},
				"west": {"uv": [7.5, 12.5, 8.5, 13.5], "texture": "#texture"},
				"up": {"uv": [7.5, 12.5, 8.5, 13.5], "texture": "#texture"},
				"down": {"uv": [7.5, 12.5, 8.5, 13.5], "texture": "#texture"}
			}
		},
		{
			"name": "Box22",
			"from": [7.25, 9.5, 8],
			"to": [7.5, 9.75, 8.25],
			"faces": {
				"north": {"uv": [7.5, 13, 8.5, 14], "texture": "#texture"},
				"east": {"uv": [7.5, 13, 8.5, 14], "texture": "#texture"},
				"south": {"uv": [7.5, 13, 8.5, 14], "texture": "#texture"},
				"west": {"uv": [7.5, 13, 8.5, 14], "texture": "#texture"},
				"up": {"uv": [7.5, 13, 8.5, 14], "texture": "#texture"},
				"down": {"uv": [7.5, 13, 8.5, 14], "texture": "#texture"}
			}
		},
		{
			"name": "Box22",
			"from": [8.5, 10.75, 7.75],
			"to": [8.75, 11, 8],
			"faces": {
				"north": {"uv": [7.5, 12, 8.5, 13], "texture": "#texture"},
				"east": {"uv": [7.5, 12, 8.5, 13], "texture": "#texture"},
				"south": {"uv": [7.5, 12, 8.5, 13], "texture": "#texture"},
				"west": {"uv": [7.5, 12, 8.5, 13], "texture": "#texture"},
				"up": {"uv": [7.5, 12, 8.5, 13], "texture": "#texture"},
				"down": {"uv": [7.5, 13, 8.5, 14], "texture": "#texture"}
			}
		},
		{
			"name": "Box2",
			"from": [7.25, 12.5, 7.25],
			"to": [8.75, 13.75, 8.75],
			"faces": {
				"north": {"uv": [0, 9, 1, 10], "texture": "#core", "cullface": "up"},
				"east": {"uv": [0, 9, 1, 10], "texture": "#core", "cullface": "up"},
				"south": {"uv": [0, 9, 1, 10], "texture": "#core", "cullface": "up"},
				"west": {"uv": [0, 9, 1, 10], "texture": "#core", "cullface": "up"},
				"up": {"uv": [0, 9, 1, 10], "texture": "#core", "cullface": "up"},
				"down": {"uv": [0, 9, 1, 10], "texture": "#core", "cullface": "up"}
			}
		},
		{
			"name": "Box22",
			"from": [7.25, -7.25, 7.25],
			"to": [8.75, -6.75, 8.75],
			"faces": {
				"north": {"uv": [14.5, 9, 16, 10], "texture": "#texture", "cullface": "down"},
				"east": {"uv": [14.5, 9, 16, 10], "texture": "#texture", "cullface": "down"},
				"south": {"uv": [14.5, 9, 16, 10], "texture": "#texture", "cullface": "down"},
				"west": {"uv": [14.5, 9, 16, 10], "texture": "#texture", "cullface": "down"},
				"up": {"uv": [15, 8, 16, 9], "texture": "#texture", "cullface": "down"},
				"down": {"uv": [15, 10, 16, 11], "texture": "#texture", "cullface": "down"}
			}
		},
		{
			"name": "Box2",
			"from": [7.5, 15.25, 7.5],
			"to": [8.5, 16.25, 8.5],
			"faces": {
				"north": {"uv": [0, 15, 1, 16], "texture": "#core", "cullface": "up"},
				"east": {"uv": [0, 15, 1, 16], "texture": "#core", "cullface": "up"},
				"south": {"uv": [0, 15, 1, 16], "texture": "#core", "cullface": "up"},
				"west": {"uv": [0, 15, 1, 16], "texture": "#core", "cullface": "up"},
				"up": {"uv": [0, 15, 1, 16], "texture": "#core", "cullface": "up"},
				"down": {"uv": [0, 15, 1, 16], "texture": "#core", "cullface": "up"}
			}
		},
		{
			"name": "Box2",
			"from": [7.25, 15.25, 7.5],
			"to": [7.5, 16.25, 8.5],
			"faces": {
				"north": {"uv": [0, 16, 2.5, 13], "texture": "#core", "cullface": "up"},
				"east": {"uv": [0, 16, 2.5, 13], "texture": "#core", "cullface": "up"},
				"south": {"uv": [0, 16, 2.5, 13], "texture": "#core", "cullface": "up"},
				"west": {"uv": [0, 16, 2.5, 13], "texture": "#core", "cullface": "up"},
				"up": {"uv": [0, 15, 1, 16], "texture": "#core", "cullface": "up"},
				"down": {"uv": [0, 13, 2.5, 14], "texture": "#core", "cullface": "up"}
			}
		},
		{
			"name": "Box2",
			"from": [8.5, 15.25, 7.5],
			"to": [8.75, 16.25, 8.5],
			"faces": {
				"north": {"uv": [0, 16, 2.5, 13], "texture": "#core", "cullface": "up"},
				"east": {"uv": [0, 16, 2.5, 13], "texture": "#core", "cullface": "up"},
				"south": {"uv": [0, 16, 2.5, 13], "texture": "#core", "cullface": "up"},
				"west": {"uv": [0, 16, 2.5, 13], "texture": "#core", "cullface": "up"},
				"up": {"uv": [0, 15, 1, 16], "texture": "#core", "cullface": "up"},
				"down": {"uv": [0, 13, 2.5, 14], "texture": "#core", "cullface": "up"}
			}
		},
		{
			"name": "Box2",
			"from": [7.5, 15.25, 7.25],
			"to": [8.5, 16.25, 7.5],
			"faces": {
				"north": {"uv": [0, 16, 2.5, 13], "texture": "#core", "cullface": "up"},
				"east": {"uv": [0, 16, 2.5, 13], "texture": "#core", "cullface": "up"},
				"south": {"uv": [0, 16, 2.5, 13], "texture": "#core", "cullface": "up"},
				"west": {"uv": [0, 16, 2.5, 13], "texture": "#core", "cullface": "up"},
				"up": {"uv": [0, 15, 1, 16], "texture": "#core", "cullface": "up"},
				"down": {"uv": [0, 13, 2.5, 14], "texture": "#core", "cullface": "up"}
			}
		},
		{
			"name": "Box2",
			"from": [7.5, 15.25, 8.5],
			"to": [8.5, 16.25, 8.75],
			"faces": {
				"north": {"uv": [0, 16, 2.5, 13], "texture": "#core", "cullface": "up"},
				"east": {"uv": [0, 16, 2.5, 13], "texture": "#core", "cullface": "up"},
				"south": {"uv": [0, 16, 2.5, 13], "texture": "#core", "cullface": "up"},
				"west": {"uv": [0, 16, 2.5, 13], "texture": "#core", "cullface": "up"},
				"up": {"uv": [0, 15, 1, 16], "texture": "#core", "cullface": "up"},
				"down": {"uv": [0, 13, 2.5, 14], "texture": "#core", "cullface": "up"}
			}
		},
		{
			"name": "Box2",
			"from": [7.5, 15, 7.5],
			"to": [8.5, 15.25, 8.5],
			"faces": {
				"north": {"uv": [0, 11, 1, 12], "texture": "#core", "cullface": "up"},
				"east": {"uv": [0, 11, 1, 12], "texture": "#core", "cullface": "up"},
				"south": {"uv": [0, 11, 1, 12], "texture": "#core", "cullface": "up"},
				"west": {"uv": [0, 11, 1, 12], "texture": "#core", "cullface": "up"},
				"up": {"uv": [0, 12, 1, 13], "texture": "#core", "cullface": "up"},
				"down": {"uv": [0, 11, 1, 12], "texture": "#core", "cullface": "up"}
			}
		},
		{
			"name": "Box2",
			"from": [7.5, 16.25, 7.5],
			"to": [8.5, 16.5, 8.5],
			"faces": {
				"north": {"uv": [0, 15, 1, 16], "texture": "#core", "cullface": "up"},
				"east": {"uv": [0, 15, 1, 16], "texture": "#core", "cullface": "up"},
				"south": {"uv": [0, 15, 1, 16], "texture": "#core", "cullface": "up"},
				"west": {"uv": [0, 15, 1, 16], "texture": "#core", "cullface": "up"},
				"up": {"uv": [0, 15, 1, 16], "texture": "#core", "cullface": "up"},
				"down": {"uv": [0, 15, 1, 16], "texture": "#core", "cullface": "up"}
			}
		},
		{
			"name": "Box20",
			"from": [8.5, 12.5, 7.75],
			"to": [9, 13.75, 8.25],
			"faces": {
				"north": {"uv": [7, 9.5, 8, 7], "texture": "#texture"},
				"east": {"uv": [7, 9.5, 8, 7], "texture": "#texture"},
				"south": {"uv": [7, 9.5, 8, 7], "texture": "#texture"},
				"west": {"uv": [7, 9.5, 8, 7], "texture": "#texture"},
				"up": {"uv": [7, 9, 8, 10], "texture": "#texture"},
				"down": {"uv": [7, 7, 9, 8], "texture": "#texture"}
			}
		},
		{
			"name": "Box20",
			"from": [7, 12.5, 7.75],
			"to": [7.5, 13.75, 8.25],
			"faces": {
				"north": {"uv": [7, 9.5, 8, 7], "texture": "#texture"},
				"east": {"uv": [7, 9.5, 8, 7], "texture": "#texture"},
				"south": {"uv": [7, 9.5, 8, 7], "texture": "#texture"},
				"west": {"uv": [7, 9.5, 8, 7], "texture": "#texture"},
				"up": {"uv": [7, 9, 8, 10], "texture": "#texture"},
				"down": {"uv": [7, 7, 9, 8], "texture": "#texture"}
			}
		},
		{
			"name": "Box20",
			"from": [7.75, 12.5, 8.5],
			"to": [8.25, 13.75, 9],
			"faces": {
				"north": {"uv": [7, 9.5, 8, 7], "texture": "#texture"},
				"east": {"uv": [7, 9.5, 8, 7], "texture": "#texture"},
				"south": {"uv": [7, 9.5, 8, 7], "texture": "#texture"},
				"west": {"uv": [7, 9.5, 8, 7], "texture": "#texture"},
				"up": {"uv": [7, 9, 8, 10], "texture": "#texture"},
				"down": {"uv": [7, 7, 9, 8], "texture": "#texture"}
			}
		},
		{
			"name": "Box20",
			"from": [7.75, 12.5, 7],
			"to": [8.25, 13.75, 7.5],
			"faces": {
				"north": {"uv": [7, 9.5, 8, 7], "texture": "#texture"},
				"east": {"uv": [7, 9.5, 8, 7], "texture": "#texture"},
				"south": {"uv": [7, 9.5, 8, 7], "texture": "#texture"},
				"west": {"uv": [7, 9.5, 8, 7], "texture": "#texture"},
				"up": {"uv": [7, 9, 8, 10], "texture": "#texture"},
				"down": {"uv": [7, 7, 9, 8], "texture": "#texture"}
			}
		},
		{
			"name": "Box22",
			"from": [7.25, 10.75, 7.5],
			"to": [7.5, 11, 7.75],
			"faces": {
				"north": {"uv": [7.5, 12, 8.5, 13], "texture": "#texture"},
				"east": {"uv": [7.5, 12, 8.5, 13], "texture": "#texture"},
				"south": {"uv": [7.5, 12, 8.5, 13], "texture": "#texture"},
				"west": {"uv": [7.5, 12, 8.5, 13], "texture": "#texture"},
				"up": {"uv": [7.5, 12, 8.5, 13], "texture": "#texture"},
				"down": {"uv": [7.5, 12, 8.5, 13], "texture": "#texture"}
			}
		},
		{
			"name": "Box22",
			"from": [8, 10.75, 8.5],
			"to": [8.25, 11, 8.75],
			"faces": {
				"north": {"uv": [7.5, 12, 8.5, 13], "texture": "#texture"},
				"east": {"uv": [7.5, 12, 8.5, 13], "texture": "#texture"},
				"south": {"uv": [7.5, 12, 8.5, 13], "texture": "#texture"},
				"west": {"uv": [7.5, 12, 8.5, 13], "texture": "#texture"},
				"up": {"uv": [7.5, 12, 8.5, 13], "texture": "#texture"},
				"down": {"uv": [7.5, 12, 8.5, 13], "texture": "#texture"}
			}
		},
		{
			"name": "Box20",
			"from": [5.75, 16, 7],
			"to": [6.25, 16.5, 9],
			"faces": {
				"north": {"uv": [7, 12, 8, 11], "texture": "#texture"},
				"east": {"uv": [7, 12, 8, 11], "texture": "#texture"},
				"south": {"uv": [7, 12, 8, 11], "texture": "#texture"},
				"west": {"uv": [7, 12, 8, 11], "texture": "#texture"},
				"up": {"uv": [7, 13, 8, 12], "texture": "#texture"},
				"down": {"uv": [7, 11, 8, 12], "texture": "#texture"}
			}
		},
		{
			"name": "Box20",
			"from": [7, 16, 5.75],
			"to": [9, 16.5, 6.25],
			"faces": {
				"north": {"uv": [7, 12, 8, 11], "texture": "#texture"},
				"east": {"uv": [7, 12, 8, 11], "texture": "#texture"},
				"south": {"uv": [7, 12, 8, 11], "texture": "#texture"},
				"west": {"uv": [7, 12, 8, 11], "texture": "#texture"},
				"up": {"uv": [7, 13, 8, 12], "texture": "#texture"},
				"down": {"uv": [7, 11, 8, 12], "texture": "#texture"}
			}
		},
		{
			"name": "Box20",
			"from": [6.25, 16, 6.25],
			"to": [6.75, 16.5, 6.75],
			"faces": {
				"north": {"uv": [7, 12, 8, 11], "texture": "#texture"},
				"east": {"uv": [7, 12, 8, 11], "texture": "#texture"},
				"south": {"uv": [7, 12, 8, 11], "texture": "#texture"},
				"west": {"uv": [7, 12, 8, 11], "texture": "#texture"},
				"up": {"uv": [7, 13, 8, 12], "texture": "#texture"},
				"down": {"uv": [7, 11, 8, 12], "texture": "#texture"}
			}
		},
		{
			"name": "Box20",
			"from": [9.75, 16, 7],
			"to": [10.25, 16.5, 9],
			"faces": {
				"north": {"uv": [7, 12, 8, 11], "texture": "#texture"},
				"east": {"uv": [7, 12, 8, 11], "texture": "#texture"},
				"south": {"uv": [7, 12, 8, 11], "texture": "#texture"},
				"west": {"uv": [7, 12, 8, 11], "texture": "#texture"},
				"up": {"uv": [7, 13, 8, 12], "texture": "#texture"},
				"down": {"uv": [7, 11, 8, 12], "texture": "#texture"}
			}
		},
		{
			"name": "Box20",
			"from": [7, 16, 9.75],
			"to": [9, 16.5, 10.25],
			"faces": {
				"north": {"uv": [7, 12, 8, 11], "texture": "#texture"},
				"east": {"uv": [7, 12, 8, 11], "texture": "#texture"},
				"south": {"uv": [7, 12, 8, 11], "texture": "#texture"},
				"west": {"uv": [7, 12, 8, 11], "texture": "#texture"},
				"up": {"uv": [7, 13, 8, 12], "texture": "#texture"},
				"down": {"uv": [7, 11, 8, 12], "texture": "#texture"}
			}
		},
		{
			"name": "Box20",
			"from": [9.25, 16, 9.25],
			"to": [9.75, 16.5, 9.75],
			"faces": {
				"north": {"uv": [7, 12, 8, 11], "texture": "#texture"},
				"east": {"uv": [7, 12, 8, 11], "texture": "#texture"},
				"south": {"uv": [7, 12, 8, 11], "texture": "#texture"},
				"west": {"uv": [7, 12, 8, 11], "texture": "#texture"},
				"up": {"uv": [7, 13, 8, 12], "texture": "#texture"},
				"down": {"uv": [7, 11, 8, 12], "texture": "#texture"}
			}
		},
		{
			"name": "Box20",
			"from": [9.25, 16, 6.25],
			"to": [9.75, 16.5, 6.75],
			"faces": {
				"north": {"uv": [7, 12, 8, 11], "texture": "#texture"},
				"east": {"uv": [7, 12, 8, 11], "texture": "#texture"},
				"south": {"uv": [7, 12, 8, 11], "texture": "#texture"},
				"west": {"uv": [7, 12, 8, 11], "texture": "#texture"},
				"up": {"uv": [7, 13, 8, 12], "texture": "#texture"},
				"down": {"uv": [7, 11, 8, 12], "texture": "#texture"}
			}
		},
		{
			"name": "Box20",
			"from": [6.25, 16, 9.25],
			"to": [6.75, 16.5, 9.75],
			"faces": {
				"north": {"uv": [7, 12, 8, 11], "texture": "#texture"},
				"east": {"uv": [7, 12, 8, 11], "texture": "#texture"},
				"south": {"uv": [7, 12, 8, 11], "texture": "#texture"},
				"west": {"uv": [7, 12, 8, 11], "texture": "#texture"},
				"up": {"uv": [7, 13, 8, 12], "texture": "#texture"},
				"down": {"uv": [7, 11, 8, 12], "texture": "#texture"}
			}
		},
		{
			"name": "Box20",
			"from": [7.625, 14.25, 7.625],
			"to": [8.375, 14.5, 8.375],
			"faces": {
				"north": {"uv": [7, 13, 8, 14], "texture": "#texture"},
				"east": {"uv": [7, 13, 8, 14], "texture": "#texture"},
				"south": {"uv": [7, 13, 8, 14], "texture": "#texture"},
				"west": {"uv": [7, 13, 8, 14], "texture": "#texture"},
				"up": {"uv": [7, 13, 8, 14], "texture": "#texture"},
				"down": {"uv": [7, 13, 8, 14], "texture": "#texture"}
			}
		},
		{
			"name": "Box20",
			"from": [6.5, 13.75, 7.75],
			"to": [7, 15, 8.25],
			"faces": {
				"north": {"uv": [8, 12, 9, 9.5], "texture": "#texture"},
				"east": {"uv": [8, 12, 9, 9.5], "texture": "#texture"},
				"south": {"uv": [8, 12, 9, 9.5], "texture": "#texture"},
				"west": {"uv": [8, 12, 9, 9.5], "texture": "#texture"},
				"up": {"uv": [7, 12, 8, 13], "texture": "#texture"},
				"down": {"uv": [7.5, 12, 9.5, 13], "texture": "#texture"}
			}
		},
		{
			"name": "Box20",
			"from": [9, 13.75, 7.75],
			"to": [9.5, 15, 8.25],
			"faces": {
				"north": {"uv": [8, 12, 9, 9.5], "texture": "#texture"},
				"east": {"uv": [8, 12, 9, 9.5], "texture": "#texture"},
				"south": {"uv": [8, 12, 9, 9.5], "texture": "#texture"},
				"west": {"uv": [8, 12, 9, 9.5], "texture": "#texture"},
				"up": {"uv": [7, 12, 8, 13], "texture": "#texture"},
				"down": {"uv": [7.5, 12, 9.5, 13], "texture": "#texture"}
			}
		},
		{
			"name": "Box22",
			"from": [7.75, 10.75, 7.25],
			"to": [8, 11, 7.5],
			"faces": {
				"north": {"uv": [7.5, 12, 8.5, 13], "texture": "#texture"},
				"east": {"uv": [7.5, 12, 8.5, 13], "texture": "#texture"},
				"south": {"uv": [7.5, 12, 8.5, 13], "texture": "#texture"},
				"west": {"uv": [7.5, 12, 8.5, 13], "texture": "#texture"},
				"up": {"uv": [7.5, 12, 8.5, 13], "texture": "#texture"},
				"down": {"uv": [7.5, 12, 8.5, 13], "texture": "#texture"}
			}
		},
		{
			"name": "Box8",
			"from": [6.75, 13, 7.25],
			"to": [7.25, 13.5, 8.75],
			"faces": {
				"north": {"uv": [7, 3, 9, 4], "texture": "#texture"},
				"east": {"uv": [7, 3, 9, 4], "texture": "#texture"},
				"south": {"uv": [7, 3, 9, 4], "texture": "#texture"},
				"west": {"uv": [7, 3, 9, 4], "texture": "#texture"},
				"up": {"uv": [7, 3, 9, 4], "texture": "#texture"},
				"down": {"uv": [7, 3, 9, 4], "texture": "#texture"}
			}
		},
		{
			"name": "Box8",
			"from": [7.25, 13, 6.75],
			"to": [8.75, 13.5, 7.25],
			"faces": {
				"north": {"uv": [7, 3, 9, 4], "texture": "#texture"},
				"east": {"uv": [7, 3, 9, 4], "texture": "#texture"},
				"south": {"uv": [7, 3, 9, 4], "texture": "#texture"},
				"west": {"uv": [7, 3, 9, 4], "texture": "#texture"},
				"up": {"uv": [7, 3, 9, 4], "texture": "#texture"},
				"down": {"uv": [7, 3, 9, 4], "texture": "#texture"}
			}
		},
		{
			"name": "Box8",
			"from": [8.75, 13, 7.25],
			"to": [9.25, 13.5, 8.75],
			"faces": {
				"north": {"uv": [7, 3, 9, 4], "texture": "#texture"},
				"east": {"uv": [7, 3, 9, 4], "texture": "#texture"},
				"south": {"uv": [7, 3, 9, 4], "texture": "#texture"},
				"west": {"uv": [7, 3, 9, 4], "texture": "#texture"},
				"up": {"uv": [7, 3, 9, 4], "texture": "#texture"},
				"down": {"uv": [7, 3, 9, 4], "texture": "#texture"}
			}
		},
		{
			"name": "Box8",
			"from": [7.25, 13, 8.75],
			"to": [8.75, 13.5, 9.25],
			"faces": {
				"north": {"uv": [7, 3, 9, 4], "texture": "#texture"},
				"east": {"uv": [7, 3, 9, 4], "texture": "#texture"},
				"south": {"uv": [7, 3, 9, 4], "texture": "#texture"},
				"west": {"uv": [7, 3, 9, 4], "texture": "#texture"},
				"up": {"uv": [7, 3, 9, 4], "texture": "#texture"},
				"down": {"uv": [7, 3, 9, 4], "texture": "#texture"}
			}
		}
	]
}