{
    "providers": [
        {
            "type": "legacy_unicode",
            "sizes": "minecraft:font/glyph_sizes.bin",
            "template": "minecraft:font/unicode_page_%s.png"
        },
		{
			"type": "bitmap",
			"file": "minecraft:img/controls.png",
			"ascent": 140,
			"height": 140,
			"chars": ["\ue001"]
        },
		{
			"type": "bitmap",
			"file": "minecraft:img/controls_2.png",
			"ascent": 140,
			"height": 140,
			"chars": ["\ue002"]
        },
		{
			"type": "bitmap",
			"file": "minecraft:img/upgrade.png",
			"ascent": 140,
			"height": 140,
			"chars": ["\ue003"]
        },
		{
			"type": "bitmap",
			"file": "minecraft:img/skillpoints.png",
			"ascent": 140,
			"height": 140,
			"chars": ["\ue004"]
        },
		{
			"type": "bitmap",
			"file": "minecraft:img/manabar.png",
			"ascent": 140,
			"height": 140,
			"chars": ["\ue005"]
        },

		{
			"type": "bitmap",
			"file": "minecraft:img/click.png",
			"ascent": 7,
			"height": 9,
			"chars": ["\ue051"]
        },
		{
			"type": "bitmap",
			"file": "minecraft:img/shift_click.png",
			"ascent": 7,
			"height": 9,
			"chars": ["\ue052"]
        },
		{
			"type": "bitmap",
			"file": "minecraft:img/hold_shift_click.png",
			"ascent": 7,
			"height": 9,
			"chars": ["\ue053"]
        },
		{
			"type": "bitmap",
			"file": "minecraft:img/f_button.png",
			"ascent": 7,
			"height": 9,
			"chars": ["\ue054"]
        },
		{
			"type": "bitmap",
			"file": "minecraft:img/q_button.png",
			"ascent": 7,
			"height": 9,
			"chars": ["\ue055"]
        },
		{
			"type": "bitmap",
			"file": "minecraft:img/click_withoutspace.png",
			"ascent": 7,
			"height": 9,
			"chars": ["\ue056"]
        },
		{
			"type": "bitmap",
			"file": "minecraft:img/shift_click_withoutspace.png",
			"ascent": 7,
			"height": 9,
			"chars": ["\ue057"]
        },
		{
			"type": "bitmap",
			"file": "minecraft:img/hold_shift_click_withoutspace.png",
			"ascent": 7,
			"height": 9,
			"chars": ["\ue058"]
        },
		{
			"type": "bitmap",
			"file": "minecraft:img/f_button_withoutspace.png",
			"ascent": 7,
			"height": 9,
			"chars": ["\ue059"]
        },
		{
			"type": "bitmap",
			"file": "minecraft:img/q_button_withoutspace.png",
			"ascent": 7,
			"height": 9,
			"chars": ["\ue05a"]
        },
		
		
		
		{
			"type": "bitmap",
			"file": "minecraft:img/redteam.png",
			"ascent": 7,
			"height": 8,
			"chars": ["\ue101"]
        },
		{
			"type": "bitmap",
			"file": "minecraft:img/yellowteam.png",
			"ascent": 7,
			"height": 8,
			"chars": ["\ue102"]
        },
		{
			"type": "bitmap",
			"file": "minecraft:img/blueteam.png",
			"ascent": 7,
			"height": 8,
			"chars": ["\ue103"]
        },
		{
			"type": "bitmap",
			"file": "minecraft:img/greenteam.png",
			"ascent": 7,
			"height": 8,
			"chars": ["\ue104"]
        },
		
		
		{
			"type": "bitmap",
			"file": "minecraft:img/buff/empty.png",
			"ascent": 7,
			"height": 8,
			"chars": ["\ue20f"]
        },
		{
			"type": "bitmap",
			"file": "minecraft:img/buff/mana_potion.png",
			"ascent": 7,
			"height": 8,
			"chars": ["\ue201"]
        },
		{
			"type": "bitmap",
			"file": "minecraft:img/buff/speed_potion.png",
			"ascent": 7,
			"height": 8,
			"chars": ["\ue202"]
        },
		{
			"type": "bitmap",
			"file": "minecraft:img/buff/health_potion.png",
			"ascent": 7,
			"height": 8,
			"chars": ["\ue203"]
        },
		{
			"type": "bitmap",
			"file": "minecraft:img/buff/absorption_potion.png",
			"ascent": 7,
			"height": 8,
			"chars": ["\ue204"]
        },
		{
			"type": "bitmap",
			"file": "minecraft:img/buff/cooldown_potion.png",
			"ascent": 7,
			"height": 8,
			"chars": ["\ue205"]
        },
		{
			"type": "bitmap",
			"file": "minecraft:img/buff/boost_potion.png",
			"ascent": 7,
			"height": 8,
			"chars": ["\ue206"]
        },
		
		
		{
			"type": "bitmap",
			"file": "minecraft:img/buff/frostbuff_100.png",
			"ascent": 7,
			"height": 8,
			"chars": ["\ue300"]
        },
		{
			"type": "bitmap",
			"file": "minecraft:img/buff/frostbuff_75.png",
			"ascent": 7,
			"height": 8,
			"chars": ["\ue301"]
        },
		{
			"type": "bitmap",
			"file": "minecraft:img/buff/frostbuff_50.png",
			"ascent": 7,
			"height": 8,
			"chars": ["\ue302"]
        },
		{
			"type": "bitmap",
			"file": "minecraft:img/buff/frostbuff_25.png",
			"ascent": 7,
			"height": 8,
			"chars": ["\ue303"]
        },
		{
			"type": "bitmap",
			"file": "minecraft:img/buff/blazebuff_100.png",
			"ascent": 7,
			"height": 8,
			"chars": ["\ue304"]
        },
		{
			"type": "bitmap",
			"file": "minecraft:img/buff/blazebuff_75.png",
			"ascent": 7,
			"height": 8,
			"chars": ["\ue305"]
        },
		{
			"type": "bitmap",
			"file": "minecraft:img/buff/blazebuff_50.png",
			"ascent": 7,
			"height": 8,
			"chars": ["\ue306"]
        },
		{
			"type": "bitmap",
			"file": "minecraft:img/buff/blazebuff_25.png",
			"ascent": 7,
			"height": 8,
			"chars": ["\ue307"]
        },
		{
			"type": "bitmap",
			"file": "minecraft:img/buff/thunderbuff_100.png",
			"ascent": 7,
			"height": 8,
			"chars": ["\ue308"]
        },
		{
			"type": "bitmap",
			"file": "minecraft:img/buff/thunderbuff_75.png",
			"ascent": 7,
			"height": 8,
			"chars": ["\ue309"]
        },
		{
			"type": "bitmap",
			"file": "minecraft:img/buff/thunderbuff_50.png",
			"ascent": 7,
			"height": 8,
			"chars": ["\ue30a"]
        },
		{
			"type": "bitmap",
			"file": "minecraft:img/buff/thunderbuff_25.png",
			"ascent": 7,
			"height": 8,
			"chars": ["\ue30b"]
        },
		{
			"type": "bitmap",
			"file": "minecraft:img/buff/shadowbuff_100.png",
			"ascent": 7,
			"height": 8,
			"chars": ["\ue30c"]
        },
		{
			"type": "bitmap",
			"file": "minecraft:img/buff/shadowbuff_75.png",
			"ascent": 7,
			"height": 8,
			"chars": ["\ue30d"]
        },
		{
			"type": "bitmap",
			"file": "minecraft:img/buff/shadowbuff_50.png",
			"ascent": 7,
			"height": 8,
			"chars": ["\ue30e"]
        },
		{
			"type": "bitmap",
			"file": "minecraft:img/buff/shadowbuff_25.png",
			"ascent": 7,
			"height": 8,
			"chars": ["\ue30f"]
        },
		{
			"type": "bitmap",
			"file": "minecraft:img/buff/chaosbuff_100.png",
			"ascent": 7,
			"height": 8,
			"chars": ["\ue310"]
        },
		{
			"type": "bitmap",
			"file": "minecraft:img/buff/chaosbuff_75.png",
			"ascent": 7,
			"height": 8,
			"chars": ["\ue311"]
        },
		{
			"type": "bitmap",
			"file": "minecraft:img/buff/chaosbuff_50.png",
			"ascent": 7,
			"height": 8,
			"chars": ["\ue312"]
        },
		{
			"type": "bitmap",
			"file": "minecraft:img/buff/chaosbuff_25.png",
			"ascent": 7,
			"height": 8,
			"chars": ["\ue313"]
        },
		{
			"type": "bitmap",
			"file": "minecraft:img/buff/magicite_block_100.png",
			"ascent": 7,
			"height": 8,
			"chars": ["\ue314"]
        },
		{
			"type": "bitmap",
			"file": "minecraft:img/buff/magicite_block_gray_100.png",
			"ascent": 7,
			"height": 8,
			"chars": ["\ue315"]
        },
		{
			"type": "bitmap",
			"file": "minecraft:img/buff/magicite_block_75.png",
			"ascent": 7,
			"height": 8,
			"chars": ["\ue316"]
        },
		{
			"type": "bitmap",
			"file": "minecraft:img/buff/magicite_block_50.png",
			"ascent": 7,
			"height": 8,
			"chars": ["\ue317"]
        },
		{
			"type": "bitmap",
			"file": "minecraft:img/buff/magicite_block_25.png",
			"ascent": 7,
			"height": 8,
			"chars": ["\ue318"]
        }
    ]
}